#Pump;ARC_ID;STARTNODE;ENDNODE;MIN_FLOW;MAX_FLOW;MODEL;MIN_GAP;MAX_GAP;TYPE;Inc_deg2;Inc_deg1;Inc_deg0;Pow_deg1;Pow_deg0;Speed;Min_speed
Pump;pmp1            ;n10             ;n11             ;0;300;;-1000;1000;VSP;-0.0008347307573852341;0.0;101.05522188244832;1.05062944;11.24091075;;
Pump;pmp2            ;n12             ;n13             ;0;300;;-1000;1000;VSP;-0.0008347307573852341;0.0;101.05522188244832;1.05062944;11.24091075;;
Pump;pmp6            ;n362            ;n364            ;0;300;;-1000;1000;VSP;-0.005345668715822122;0.0;119.01194311254059;0.0;78.0;;
