#Tank;NODE_ID;X_COORDINATE;Y_COORDINATE;Z_COORDINATE;Vol_min;Vol_max;Vol_init;Surface
Tank;t6;0;0;85;0;3141.59265358979;2984.5130209103;314.159265358979
Tank;t5;0;0;80;0;2454.36926061703;2208.93233455532;490.873852123405
