#Pump;ARC_ID;STARTNODE;ENDNODE;MIN_FLOW;MAX_FLOW;MODEL;MIN_GAP;MAX_GAP;TYPE;Inc_deg2;Inc_deg1;Inc_deg0;Pow_deg1;Pow_deg0;Speed;Min_speed
Pump;2A;N2;N4;0;46.015;;-0.1;129.1;FSP;-0.0218;0.4092;127.38;0.6434793;30.71170147;1;
Pump;3A;N7;N9;0;58.088;;-15;118.17;FSP;-0.0009;-0.1339;38.375;0.10123816;16.30647497;1;
Pump;4B;N12;N13;0;36.353;;28.9;35.4;FSP;-0.0015372965376;-0.1227514176;40.11020165;0.27253277;8.11621906;1;
