#Pump;ARC_ID;STARTNODE;ENDNODE;MIN_FLOW;MAX_FLOW;MODEL;MIN_GAP;MAX_GAP;TYPE;Inc_deg2;Inc_deg1;Inc_deg0;Pow_deg1;Pow_deg0;Speed;Min_speed
Pump;Pump1;R1;J1;6.94444444444444;54.7222222222222;;-20;90.212;FSP;-0.026336016;0.414;90.212;-0.2093148;36.624;1;
Pump;Pump2;R3;J10;6.94444444444444;67.2222222222222;;-20;90.212;FSP;-0.02594592;0.414;90.212;-0.2093148;36.624;1;
Pump;Pump3;J2;J1;27.7777777777778;293.611111111111;;-20;101.96;FSP;-0.001560384;0.072;70.318;0.483336;29.606;1;
Pump;Pump4;R4;J12;27.7777777777778;84.7222222222222;;-20;70.318;FSP;-0.004688928;0.072;70.318;0.483336;29.606;1;
Pump;Pump5;R2;WPC2;83.3333333333333;573.611111111111;;-20;70.318;FSP;-0.0002592;0.054;101.96;0.41688;209.032;1;
