#Valve;ARC_NODE;STARTNODE;ENDNODE;MIN_FLOW;MAX_FLOW;MODEL;MIN_GAP;MAX_GAP;TYPE
Valve;v1;WT1_V;WT1;0;194.166666666667;;-50;50;PRV
Valve;v2;WT2_V;WT2;-73.0555555555556;342.777777777778;;-50;50;PRV
Valve;v3;WT3_V;WT3;-64.7222222222222;95.8333333333333;;-50;50;PRV
Valve;v4;WT4_V;WT4;-170.277777777778;241.944444444444;;-50;50;PRV
Valve;v5;WT5_V;WT5;-14.4444444444444;80;;-50;50;PRV
Valve;v6;R4_V;R4;-222.222222222222;222.222222222222;;-50;50;PRV
