#Pump;ARC_ID;STARTNODE;ENDNODE;MIN_FLOW;MAX_FLOW;MODEL;MIN_GAP;MAX_GAP;TYPE;Inc_deg2;Inc_deg1;Inc_deg0;Pow_deg1;Pow_deg0;Speed;Min_speed
Pump;2A;N2;N4;0;46.015;;-0.1;129.1;FSP;-0.0218;0.4092;127.38;0.6434793;30.71170147;1;
Pump;3A;N7;N9;0;58.088;;-15;118.17;FSP;-0.0009;-0.1339;38.375;0.10123816;16.30647497;1;
Pump;4B;N12;N13;0;36.353;;28.9;35.4;FSP;-0.0015372965376;-0.1227514176;40.11020165;0.27253277;8.11621906;1;
Pump;5C;N18;N19;0;4.883;;73.8;116.8;FSP;-2.1215;5.2788;121;0.70581072;3.02520651;1;
Pump;6D;N22;N23;0;10.687;;54.5;88.3;FSP;-0.2727;0.8648;87.573;0.54561517;6.15209142;1;
