#Tank;NODE_ID;X_COORDINATE;Y_COORDINATE;Z_COORDINATE;Vol_min;Vol_max;Vol_init;Surface
Tank;N14;0;0;216;0;800.0;627.7130152216;186.26498968
Tank;N16;0;0;184.13;0;1461.690473335;1353.25646196;433.7360455
Tank;N21;0;0;258.9;0;80;32.1592206672;34.21193688
Tank;N24;0;0;241;0;270.1162792744;212.1561059888;109.35881752
