#Pump;ARC_ID;STARTNODE;ENDNODE;MIN_FLOW;MAX_FLOW;MODEL;MIN_GAP;MAX_GAP;TYPE;Inc_deg2;Inc_deg1;Inc_deg0;Pow_deg1;Pow_deg0;Speed;Min_speed
Pump;1A;R1;J20;0;1000;;1;1000;FSP;-0.0001430090671917451;0.0;91.26783277727577;1.22640426;35.63134164;1;
Pump;2A;R2;J20;0;1000;;1;1000;FSP;-0.0001430090671917451;0.0;91.26783277727577;1.22640426;35.63134164;1;
Pump;3A;R3;J20;0;1000;;1;1000;FSP;-0.0001430090671917451;0.0;91.26783277727577;1.22640426;35.63134164;1;
