#Pump;ARC_ID;STARTNODE;ENDNODE;MIN_FLOW;MAX_FLOW;MODEL;MIN_GAP;MAX_GAP;TYPE;Inc_deg2;Inc_deg1;Inc_deg0;Pow_deg1;Pow_deg0;Speed;Min_speed
Pump;1A;209;766;0;46.021;;-0.1;129.1;FSP;-0.0218041030656;0.409231872;127.3826634;0.70367987;29.47752658;1;
Pump;2A;196;768;0;46.015;;-0.1;129.1;FSP;-0.0218041030656;0.409231872;127.3826634;0.6434793;30.71170147;1;
Pump;3A;175;186;0;58.088;;-15;118.17;FSP;-0.00089285400576;-0.1339285536;38.37499964;0.10123816;16.30647497;1;
Pump;4B;125;353;0;36.353;;28.9;35.4;FSP;-0.0015372965376;-0.1227514176;40.11020165;0.27253277;8.11621906;1;
Pump;5C;635;636;0;4.883;;73.8;116.8;FSP;-2.12149684224;5.2787849472;120.999738;0.70581072;3.02520651;1;
Pump;6D;264;112;0;10.687;;54.5;88.3;FSP;-0.272689016832;0.8648248608;87.57287137;0.54561517;6.15209142;1;
Pump;7F;745;753;0;2.123;;-4.5;37.1;FSP;-0.0000000625989897216;-0.00099961344;36.99999967;0.52584474;0.71899268;1;
