#Tank;NODE_ID;X_COORDINATE;Y_COORDINATE;Z_COORDINATE;Vol_min;Vol_max;Vol_init;Surface
Tank;Tank A;0;0;184.13;442.410858450966;1461.69077743113;672.291010335;433.7361357
Tank;Tank B;0;0;216;378.118007715618;679.867353774387;465.662571;186.2650284
Tank;Tank C;0;0;258.9;17.1059719987964;68.4238879951856;34.211944;34.211944
Tank;Tank D;0;0;241.18;120.294724298607;230.747152972783;218.7176806;109.3588403
Tank;Tank F;0;0;235.71;1.93396443754987;22.2914848328117;10.1787602;10.1787602
