#Pump;ARC_ID;STARTNODE;ENDNODE;MIN_FLOW;MAX_FLOW;MODEL;MIN_GAP;MAX_GAP;TYPE;Inc_deg2;Inc_deg1;Inc_deg0;Pow_deg1;Pow_deg0;Speed;Min_speed
Pump;1A;R1;J2;0;122;;33;43.4;FSP;-0.00133595346065125;0.0;53.65905467048628;0.19568467;53.94494336;1;
Pump;2A;R2;J2;0;122;;33;43.4;FSP;-0.00133595346065125;0.0;53.65905467048628;0.19568467;53.94494336;1;
Pump;3A;R3;J2;0;122;;33;43.4;FSP;-0.00133595346065125;0.0;53.65905467048628;0.19568467;53.94494336;1;
